id;name;email;phone;address
1;Cambodia Frozen Concrete;"QQ@?u%.-Cx";"0833";viral North experiences
2;Global;"(D#r4@9>Qz_P.QTI5u";"141";Shilling calculating
3;copying;"i[!x<X@LU<.B>1!";"350";connecting Clothing out-of-the-box
4;Keyboard;"SsDX7n@sD3x.zyUc,+";"3";generation quantifying
5;Dakota attitude-oriented;"`{;t@:R.*tA";"030732";Paradigm Orchestrator
6;synthesizing Credit;"+~t<ub@/.+sH7";"2";Concrete discrete
7;Toys;"RXs\@Ur=.V4[";"9048";Sports
8;Ireland system-worthy;"C8,1$a@fqf.I";"4778";Berkshire Ergonomic
9;generating Towels;"C|199@'.z";"345";Rustic Dinar
10;New EXE JSON;"F/H@?#y_V~.}d[";"0373";benchmark Intelligent
